{
  "HTTP Request-2" : {
    "transaction" : "HTTP Request-2",
    "sampleCount" : 300,
    "errorCount" : 0,
    "errorPct" : 0.0,
    "meanResTime" : 398.6700000000002,
    "medianResTime" : 361.5,
    "minResTime" : 153.0,
    "maxResTime" : 976.0,
    "pct1ResTime" : 677.9000000000001,
    "pct2ResTime" : 719.0,
    "pct3ResTime" : 848.5300000000004,
    "throughput" : 39.256739073540956,
    "receivedKBytesPerSec" : 174.812865987307,
    "sentKBytesPerSec" : 4.83041906568961
  },
  "HTTP Request-1" : {
    "transaction" : "HTTP Request-1",
    "sampleCount" : 300,
    "errorCount" : 0,
    "errorPct" : 0.0,
    "meanResTime" : 394.96333333333337,
    "medianResTime" : 326.0,
    "minResTime" : 164.0,
    "maxResTime" : 1238.0,
    "pct1ResTime" : 726.8000000000001,
    "pct2ResTime" : 766.9,
    "pct3ResTime" : 896.7100000000003,
    "throughput" : 39.88831272437176,
    "receivedKBytesPerSec" : 61.39060630235341,
    "sentKBytesPerSec" : 5.687200837654567
  },
  "Total" : {
    "transaction" : "Total",
    "sampleCount" : 1200,
    "errorCount" : 0,
    "errorPct" : 0.0,
    "meanResTime" : 2269.1708333333318,
    "medianResTime" : 743.0,
    "minResTime" : 153.0,
    "maxResTime" : 7455.0,
    "pct1ResTime" : 5989.9,
    "pct2ResTime" : 6943.85,
    "pct3ResTime" : 7385.99,
    "throughput" : 148.25796886582654,
    "receivedKBytesPerSec" : 482.91992911415866,
    "sentKBytesPerSec" : 30.332074684951817
  },
  "HTTP Request-0" : {
    "transaction" : "HTTP Request-0",
    "sampleCount" : 300,
    "errorCount" : 0,
    "errorPct" : 0.0,
    "meanResTime" : 3744.633333333333,
    "medianResTime" : 3702.0,
    "minResTime" : 180.0,
    "maxResTime" : 6399.0,
    "pct1ResTime" : 5990.0,
    "pct2ResTime" : 6090.05,
    "pct3ResTime" : 6315.26,
    "throughput" : 42.384854478666284,
    "receivedKBytesPerSec" : 22.14443080672506,
    "sentKBytesPerSec" : 6.084544539417914
  },
  "HTTP Request" : {
    "transaction" : "HTTP Request",
    "sampleCount" : 300,
    "errorCount" : 0,
    "errorPct" : 0.0,
    "meanResTime" : 4538.416666666666,
    "medianResTime" : 4364.0,
    "minResTime" : 573.0,
    "maxResTime" : 7455.0,
    "pct1ResTime" : 7305.8,
    "pct2ResTime" : 7380.85,
    "pct3ResTime" : 7447.93,
    "throughput" : 37.064492216456635,
    "receivedKBytesPerSec" : 241.45996455707933,
    "sentKBytesPerSec" : 15.166037342475908
  }
}