{
  "HTTP Request-2" : {
    "transaction" : "HTTP Request-2",
    "sampleCount" : 500,
    "errorCount" : 0,
    "errorPct" : 0.0,
    "meanResTime" : 547.9819999999995,
    "medianResTime" : 582.0,
    "minResTime" : 153.0,
    "maxResTime" : 1171.0,
    "pct1ResTime" : 876.8000000000001,
    "pct2ResTime" : 921.8,
    "pct3ResTime" : 1110.7800000000002,
    "throughput" : 41.625041625041625,
    "receivedKBytesPerSec" : 185.36151348651347,
    "sentKBytesPerSec" : 5.121831293706293
  },
  "HTTP Request-1" : {
    "transaction" : "HTTP Request-1",
    "sampleCount" : 500,
    "errorCount" : 0,
    "errorPct" : 0.0,
    "meanResTime" : 560.7299999999998,
    "medianResTime" : 598.5,
    "minResTime" : 152.0,
    "maxResTime" : 1346.0,
    "pct1ResTime" : 897.7,
    "pct2ResTime" : 952.95,
    "pct3ResTime" : 1132.97,
    "throughput" : 41.504108906781774,
    "receivedKBytesPerSec" : 63.87741761434382,
    "sentKBytesPerSec" : 5.917578027724744
  },
  "Total" : {
    "transaction" : "Total",
    "sampleCount" : 2000,
    "errorCount" : 0,
    "errorPct" : 0.0,
    "meanResTime" : 3497.226500000001,
    "medianResTime" : 985.5,
    "minResTime" : 152.0,
    "maxResTime" : 12528.0,
    "pct1ResTime" : 9787.300000000001,
    "pct2ResTime" : 10883.399999999998,
    "pct3ResTime" : 12063.96,
    "throughput" : 158.47860538827257,
    "receivedKBytesPerSec" : 516.2161994849446,
    "sentKBytesPerSec" : 32.423113114104595
  },
  "HTTP Request-0" : {
    "transaction" : "HTTP Request-0",
    "sampleCount" : 500,
    "errorCount" : 0,
    "errorPct" : 0.0,
    "meanResTime" : 5885.647999999997,
    "medianResTime" : 5887.5,
    "minResTime" : 290.0,
    "maxResTime" : 11394.0,
    "pct1ResTime" : 10262.600000000002,
    "pct2ResTime" : 10883.4,
    "pct3ResTime" : 11301.650000000001,
    "throughput" : 41.9357544242221,
    "receivedKBytesPerSec" : 21.909793571248848,
    "sentKBytesPerSec" : 6.020074121445945
  },
  "HTTP Request" : {
    "transaction" : "HTTP Request",
    "sampleCount" : 500,
    "errorCount" : 0,
    "errorPct" : 0.0,
    "meanResTime" : 6994.545999999997,
    "medianResTime" : 7351.5,
    "minResTime" : 694.0,
    "maxResTime" : 12528.0,
    "pct1ResTime" : 11699.1,
    "pct2ResTime" : 12001.55,
    "pct3ResTime" : 12388.83,
    "throughput" : 39.61965134706814,
    "receivedKBytesPerSec" : 258.1080997424723,
    "sentKBytesPerSec" : 16.211556557052297
  }
}