{
  "Appointment List-0" : {
    "transaction" : "Appointment List-0",
    "sampleCount" : 200,
    "errorCount" : 0,
    "errorPct" : 0.0,
    "meanResTime" : 2686.6150000000025,
    "medianResTime" : 2869.0,
    "minResTime" : 117.0,
    "maxResTime" : 4368.0,
    "pct1ResTime" : 4308.8,
    "pct2ResTime" : 4322.95,
    "pct3ResTime" : 4347.95,
    "throughput" : 37.78575477045154,
    "receivedKBytesPerSec" : 19.741580861515207,
    "sentKBytesPerSec" : 5.424322218023804
  },
  "Appointment List-1" : {
    "transaction" : "Appointment List-1",
    "sampleCount" : 200,
    "errorCount" : 0,
    "errorPct" : 0.0,
    "meanResTime" : 285.8,
    "medianResTime" : 237.0,
    "minResTime" : 161.0,
    "maxResTime" : 706.0,
    "pct1ResTime" : 493.70000000000005,
    "pct2ResTime" : 561.8499999999999,
    "pct3ResTime" : 627.94,
    "throughput" : 35.823034210997676,
    "receivedKBytesPerSec" : 55.133888590363604,
    "sentKBytesPerSec" : 5.107581049614902
  },
  "Appointment List" : {
    "transaction" : "Appointment List",
    "sampleCount" : 200,
    "errorCount" : 0,
    "errorPct" : 0.0,
    "meanResTime" : 3245.105,
    "medianResTime" : 3344.0,
    "minResTime" : 486.0,
    "maxResTime" : 5418.0,
    "pct1ResTime" : 5125.8,
    "pct2ResTime" : 5193.55,
    "pct3ResTime" : 5362.030000000001,
    "throughput" : 31.964200095892597,
    "receivedKBytesPerSec" : 208.23552621064408,
    "sentKBytesPerSec" : 13.079101406424805
  },
  "Appointment List-2" : {
    "transaction" : "Appointment List-2",
    "sampleCount" : 200,
    "errorCount" : 0,
    "errorPct" : 0.0,
    "meanResTime" : 272.34000000000015,
    "medianResTime" : 249.5,
    "minResTime" : 152.0,
    "maxResTime" : 728.0,
    "pct1ResTime" : 390.0000000000001,
    "pct2ResTime" : 460.29999999999984,
    "pct3ResTime" : 584.7800000000002,
    "throughput" : 34.32297923459756,
    "receivedKBytesPerSec" : 152.84451690406726,
    "sentKBytesPerSec" : 4.223335335507122
  },
  "Total" : {
    "transaction" : "Total",
    "sampleCount" : 800,
    "errorCount" : 0,
    "errorPct" : 0.0,
    "meanResTime" : 1622.4649999999983,
    "medianResTime" : 527.5,
    "minResTime" : 117.0,
    "maxResTime" : 5418.0,
    "pct1ResTime" : 4293.6,
    "pct2ResTime" : 4607.0999999999985,
    "pct3ResTime" : 5217.96,
    "throughput" : 127.85680038357039,
    "receivedKBytesPerSec" : 416.47105242128816,
    "sentKBytesPerSec" : 26.15820281284961
  }
}