{
  "Appointment List-0" : {
    "transaction" : "Appointment List-0",
    "sampleCount" : 500,
    "errorCount" : 0,
    "errorPct" : 0.0,
    "meanResTime" : 6083.846,
    "medianResTime" : 6016.0,
    "minResTime" : 185.0,
    "maxResTime" : 11047.0,
    "pct1ResTime" : 9849.9,
    "pct2ResTime" : 11025.9,
    "pct3ResTime" : 11039.98,
    "throughput" : 43.67193641366058,
    "receivedKBytesPerSec" : 22.816880841121495,
    "sentKBytesPerSec" : 6.269311184382915
  },
  "Appointment List-1" : {
    "transaction" : "Appointment List-1",
    "sampleCount" : 500,
    "errorCount" : 0,
    "errorPct" : 0.0,
    "meanResTime" : 924.6880000000001,
    "medianResTime" : 993.0,
    "minResTime" : 148.0,
    "maxResTime" : 4113.0,
    "pct1ResTime" : 1685.9,
    "pct2ResTime" : 1802.2499999999998,
    "pct3ResTime" : 2428.8500000000013,
    "throughput" : 37.85011355034065,
    "receivedKBytesPerSec" : 58.253690386071156,
    "sentKBytesPerSec" : 5.396598221044663
  },
  "Appointment List" : {
    "transaction" : "Appointment List",
    "sampleCount" : 500,
    "errorCount" : 0,
    "errorPct" : 0.0,
    "meanResTime" : 7923.279999999998,
    "medianResTime" : 8264.0,
    "minResTime" : 524.0,
    "maxResTime" : 13709.0,
    "pct1ResTime" : 12621.0,
    "pct2ResTime" : 12984.45,
    "pct3ResTime" : 13229.94,
    "throughput" : 36.030842401095335,
    "receivedKBytesPerSec" : 234.7282711501045,
    "sentKBytesPerSec" : 14.74308883404194
  },
  "Appointment List-2" : {
    "transaction" : "Appointment List-2",
    "sampleCount" : 500,
    "errorCount" : 0,
    "errorPct" : 0.0,
    "meanResTime" : 914.5799999999999,
    "medianResTime" : 927.0,
    "minResTime" : 148.0,
    "maxResTime" : 4241.0,
    "pct1ResTime" : 1683.9000000000003,
    "pct2ResTime" : 1756.5,
    "pct3ResTime" : 3585.670000000003,
    "throughput" : 37.30229782154581,
    "receivedKBytesPerSec" : 166.11179498657117,
    "sentKBytesPerSec" : 4.589931177260519
  },
  "Total" : {
    "transaction" : "Total",
    "sampleCount" : 2000,
    "errorCount" : 0,
    "errorPct" : 0.0,
    "meanResTime" : 3961.598500000005,
    "medianResTime" : 1734.0,
    "minResTime" : 148.0,
    "maxResTime" : 13709.0,
    "pct1ResTime" : 10493.5,
    "pct2ResTime" : 12213.999999999996,
    "pct3ResTime" : 12997.0,
    "throughput" : 144.12336960438134,
    "receivedKBytesPerSec" : 469.456542300209,
    "sentKBytesPerSec" : 29.48617766808388
  }
}