{
  "HTTP Request-2" : {
    "transaction" : "HTTP Request-2",
    "sampleCount" : 200,
    "errorCount" : 0,
    "errorPct" : 0.0,
    "meanResTime" : 509.335,
    "medianResTime" : 508.5,
    "minResTime" : 256.0,
    "maxResTime" : 807.0,
    "pct1ResTime" : 654.9,
    "pct2ResTime" : 696.3999999999999,
    "pct3ResTime" : 778.6900000000003,
    "throughput" : 48.816206980717595,
    "receivedKBytesPerSec" : 217.38038122406635,
    "sentKBytesPerSec" : 6.006681718330485
  },
  "HTTP Request-1" : {
    "transaction" : "HTTP Request-1",
    "sampleCount" : 200,
    "errorCount" : 0,
    "errorPct" : 0.0,
    "meanResTime" : 541.7599999999999,
    "medianResTime" : 540.0,
    "minResTime" : 335.0,
    "maxResTime" : 793.0,
    "pct1ResTime" : 664.8,
    "pct2ResTime" : 721.6499999999999,
    "pct3ResTime" : 764.97,
    "throughput" : 47.927150730889046,
    "receivedKBytesPerSec" : 73.76288042175892,
    "sentKBytesPerSec" : 6.83336328780254
  },
  "Total" : {
    "transaction" : "Total",
    "sampleCount" : 800,
    "errorCount" : 0,
    "errorPct" : 0.0,
    "meanResTime" : 1391.9012499999976,
    "medianResTime" : 645.0,
    "minResTime" : 256.0,
    "maxResTime" : 4085.0,
    "pct1ResTime" : 3247.2,
    "pct2ResTime" : 3787.499999999998,
    "pct3ResTime" : 4040.98,
    "throughput" : 161.0305958132045,
    "receivedKBytesPerSec" : 524.5217831622383,
    "sentKBytesPerSec" : 32.94522443639291
  },
  "HTTP Request-0" : {
    "transaction" : "HTTP Request-0",
    "sampleCount" : 200,
    "errorCount" : 0,
    "errorPct" : 0.0,
    "meanResTime" : 1732.3399999999995,
    "medianResTime" : 1901.5,
    "minResTime" : 314.0,
    "maxResTime" : 3199.0,
    "pct1ResTime" : 3059.7,
    "pct2ResTime" : 3132.7,
    "pct3ResTime" : 3188.9,
    "throughput" : 48.44961240310078,
    "receivedKBytesPerSec" : 25.313029917635657,
    "sentKBytesPerSec" : 6.955168968023256
  },
  "HTTP Request" : {
    "transaction" : "HTTP Request",
    "sampleCount" : 200,
    "errorCount" : 0,
    "errorPct" : 0.0,
    "meanResTime" : 2784.17,
    "medianResTime" : 2866.0,
    "minResTime" : 1096.0,
    "maxResTime" : 4085.0,
    "pct1ResTime" : 4007.7,
    "pct2ResTime" : 4038.75,
    "pct3ResTime" : 4083.9,
    "throughput" : 40.25764895330113,
    "receivedKBytesPerSec" : 262.26089158111915,
    "sentKBytesPerSec" : 16.472612218196456
  }
}