{
  "HTTP Request-2" : {
    "transaction" : "HTTP Request-2",
    "sampleCount" : 200,
    "errorCount" : 0,
    "errorPct" : 0.0,
    "meanResTime" : 408.8299999999998,
    "medianResTime" : 396.0,
    "minResTime" : 138.0,
    "maxResTime" : 862.0,
    "pct1ResTime" : 633.8,
    "pct2ResTime" : 697.4499999999998,
    "pct3ResTime" : 852.7700000000002,
    "throughput" : 26.93965517241379,
    "receivedKBytesPerSec" : 119.96565193965516,
    "sentKBytesPerSec" : 3.314840382543103
  },
  "HTTP Request-1" : {
    "transaction" : "HTTP Request-1",
    "sampleCount" : 200,
    "errorCount" : 0,
    "errorPct" : 0.0,
    "meanResTime" : 412.0149999999999,
    "medianResTime" : 382.5,
    "minResTime" : 140.0,
    "maxResTime" : 1124.0,
    "pct1ResTime" : 673.6,
    "pct2ResTime" : 749.6499999999999,
    "pct3ResTime" : 957.8700000000001,
    "throughput" : 27.259097723865338,
    "receivedKBytesPerSec" : 41.9534550906365,
    "sentKBytesPerSec" : 3.886551042660488
  },
  "Total" : {
    "transaction" : "Total",
    "sampleCount" : 800,
    "errorCount" : 0,
    "errorPct" : 0.0,
    "meanResTime" : 2509.99125,
    "medianResTime" : 757.5,
    "minResTime" : 53.0,
    "maxResTime" : 7064.0,
    "pct1ResTime" : 5929.0,
    "pct2ResTime" : 6763.799999999999,
    "pct3ResTime" : 6968.91,
    "throughput" : 101.39416983523446,
    "receivedKBytesPerSec" : 330.27368504436,
    "sentKBytesPerSec" : 20.744217363751584
  },
  "HTTP Request-0" : {
    "transaction" : "HTTP Request-0",
    "sampleCount" : 200,
    "errorCount" : 0,
    "errorPct" : 0.0,
    "meanResTime" : 4198.985000000001,
    "medianResTime" : 4779.0,
    "minResTime" : 53.0,
    "maxResTime" : 6135.0,
    "pct1ResTime" : 5663.1,
    "pct2ResTime" : 5740.65,
    "pct3ResTime" : 6106.83,
    "throughput" : 28.284542497525102,
    "receivedKBytesPerSec" : 14.777568590015557,
    "sentKBytesPerSec" : 4.060378659312685
  },
  "HTTP Request" : {
    "transaction" : "HTTP Request",
    "sampleCount" : 200,
    "errorCount" : 0,
    "errorPct" : 0.0,
    "meanResTime" : 5020.134999999998,
    "medianResTime" : 5496.0,
    "minResTime" : 361.0,
    "maxResTime" : 7064.0,
    "pct1ResTime" : 6878.6,
    "pct2ResTime" : 6954.95,
    "pct3ResTime" : 7023.85,
    "throughput" : 25.348542458808616,
    "receivedKBytesPerSec" : 165.13684252218,
    "sentKBytesPerSec" : 10.372108681875792
  }
}