{
  "HTTP Request-2" : {
    "transaction" : "HTTP Request-2",
    "sampleCount" : 750,
    "errorCount" : 0,
    "errorPct" : 0.0,
    "meanResTime" : 2446.2306666666686,
    "medianResTime" : 2589.5,
    "minResTime" : 293.0,
    "maxResTime" : 5560.0,
    "pct1ResTime" : 3185.9,
    "pct2ResTime" : 3279.1499999999996,
    "pct3ResTime" : 3636.76,
    "throughput" : 50.11359080582654,
    "receivedKBytesPerSec" : 223.16208405719632,
    "sentKBytesPerSec" : 6.166320743685688
  },
  "HTTP Request-1" : {
    "transaction" : "HTTP Request-1",
    "sampleCount" : 750,
    "errorCount" : 0,
    "errorPct" : 0.0,
    "meanResTime" : 2669.7559999999985,
    "medianResTime" : 2709.0,
    "minResTime" : 574.0,
    "maxResTime" : 7053.0,
    "pct1ResTime" : 3192.3999999999996,
    "pct2ResTime" : 3342.35,
    "pct3ResTime" : 5600.17,
    "throughput" : 47.709923664122144,
    "receivedKBytesPerSec" : 73.42855438931298,
    "sentKBytesPerSec" : 6.802391459923664
  },
  "Total" : {
    "transaction" : "Total",
    "sampleCount" : 3000,
    "errorCount" : 0,
    "errorPct" : 0.0,
    "meanResTime" : 5595.3703333333215,
    "medianResTime" : 3043.5,
    "minResTime" : 293.0,
    "maxResTime" : 17371.0,
    "pct1ResTime" : 13038.300000000001,
    "pct2ResTime" : 15439.349999999999,
    "pct3ResTime" : 16678.85,
    "throughput" : 172.55262855170827,
    "receivedKBytesPerSec" : 562.0598559904521,
    "sentKBytesPerSec" : 35.302515314045785
  },
  "HTTP Request-0" : {
    "transaction" : "HTTP Request-0",
    "sampleCount" : 750,
    "errorCount" : 0,
    "errorPct" : 0.0,
    "meanResTime" : 6074.623999999997,
    "medianResTime" : 6283.0,
    "minResTime" : 857.0,
    "maxResTime" : 16351.0,
    "pct1ResTime" : 12315.8,
    "pct2ResTime" : 12993.25,
    "pct3ResTime" : 15739.0,
    "throughput" : 45.86594911937378,
    "receivedKBytesPerSec" : 23.963166776235322,
    "sentKBytesPerSec" : 6.584271992722603
  },
  "HTTP Request" : {
    "transaction" : "HTTP Request",
    "sampleCount" : 750,
    "errorCount" : 0,
    "errorPct" : 0.0,
    "meanResTime" : 11190.870666666666,
    "medianResTime" : 12103.5,
    "minResTime" : 3745.0,
    "maxResTime" : 17371.0,
    "pct1ResTime" : 16298.7,
    "pct2ResTime" : 16579.149999999998,
    "pct3ResTime" : 17175.47,
    "throughput" : 43.13815713792707,
    "receivedKBytesPerSec" : 281.02992799522605,
    "sentKBytesPerSec" : 17.651257657022892
  }
}