{
  "HTTP Request-2" : {
    "transaction" : "HTTP Request-2",
    "sampleCount" : 100,
    "errorCount" : 0,
    "errorPct" : 0.0,
    "meanResTime" : 193.56999999999996,
    "medianResTime" : 194.5,
    "minResTime" : 142.0,
    "maxResTime" : 239.0,
    "pct1ResTime" : 221.0,
    "pct2ResTime" : 225.95,
    "pct3ResTime" : 238.92999999999995,
    "throughput" : 32.91639236339697,
    "receivedKBytesPerSec" : 146.58080974325216,
    "sentKBytesPerSec" : 4.050259216589862
  },
  "HTTP Request-1" : {
    "transaction" : "HTTP Request-1",
    "sampleCount" : 100,
    "errorCount" : 0,
    "errorPct" : 0.0,
    "meanResTime" : 196.88000000000002,
    "medianResTime" : 198.5,
    "minResTime" : 157.0,
    "maxResTime" : 234.0,
    "pct1ResTime" : 218.9,
    "pct2ResTime" : 223.84999999999997,
    "pct3ResTime" : 233.98,
    "throughput" : 32.808398950131235,
    "receivedKBytesPerSec" : 50.49417650918635,
    "sentKBytesPerSec" : 4.677760006561679
  },
  "Total" : {
    "transaction" : "Total",
    "sampleCount" : 400,
    "errorCount" : 0,
    "errorPct" : 0.0,
    "meanResTime" : 842.6274999999994,
    "medianResTime" : 232.0,
    "minResTime" : 112.0,
    "maxResTime" : 2570.0,
    "pct1ResTime" : 2062.5000000000005,
    "pct2ResTime" : 2361.7,
    "pct3ResTime" : 2537.88,
    "throughput" : 115.4068090017311,
    "receivedKBytesPerSec" : 375.91739396999424,
    "sentKBytesPerSec" : 23.61106102135026
  },
  "HTTP Request-0" : {
    "transaction" : "HTTP Request-0",
    "sampleCount" : 100,
    "errorCount" : 0,
    "errorPct" : 0.0,
    "meanResTime" : 1294.6499999999996,
    "medianResTime" : 1373.5,
    "minResTime" : 112.0,
    "maxResTime" : 2221.0,
    "pct1ResTime" : 2021.4,
    "pct2ResTime" : 2200.95,
    "pct3ResTime" : 2220.99,
    "throughput" : 31.877590054191906,
    "receivedKBytesPerSec" : 16.654795584953778,
    "sentKBytesPerSec" : 4.576177478482626
  },
  "HTTP Request" : {
    "transaction" : "HTTP Request",
    "sampleCount" : 100,
    "errorCount" : 0,
    "errorPct" : 0.0,
    "meanResTime" : 1685.41,
    "medianResTime" : 1773.0,
    "minResTime" : 456.0,
    "maxResTime" : 2570.0,
    "pct1ResTime" : 2419.7,
    "pct2ResTime" : 2525.1,
    "pct3ResTime" : 2569.7599999999998,
    "throughput" : 28.851702250432776,
    "receivedKBytesPerSec" : 187.95869698499712,
    "sentKBytesPerSec" : 11.80553051067513
  }
}