{
  "HTTP Request-2" : {
    "transaction" : "HTTP Request-2",
    "sampleCount" : 916,
    "errorCount" : 0,
    "errorPct" : 0.0,
    "meanResTime" : 1532.1670305676876,
    "medianResTime" : 1673.0,
    "minResTime" : 146.0,
    "maxResTime" : 3743.0,
    "pct1ResTime" : 2552.3,
    "pct2ResTime" : 2675.0,
    "pct3ResTime" : 3187.9900000000102,
    "throughput" : 44.074483953231,
    "receivedKBytesPerSec" : 196.2691863542318,
    "sentKBytesPerSec" : 5.423227517682721
  },
  "HTTP Request-1" : {
    "transaction" : "HTTP Request-1",
    "sampleCount" : 916,
    "errorCount" : 0,
    "errorPct" : 0.0,
    "meanResTime" : 1556.920305676854,
    "medianResTime" : 1621.0,
    "minResTime" : 177.0,
    "maxResTime" : 3445.0,
    "pct1ResTime" : 2589.0,
    "pct2ResTime" : 2721.15,
    "pct3ResTime" : 3097.690000000002,
    "throughput" : 44.19143187958317,
    "receivedKBytesPerSec" : 68.0124804762881,
    "sentKBytesPerSec" : 6.300731498456194
  },
  "Total" : {
    "transaction" : "Total",
    "sampleCount" : 3748,
    "errorCount" : 84,
    "errorPct" : 2.2411952,
    "meanResTime" : 6715.802561366062,
    "medianResTime" : 2761.5,
    "minResTime" : 146.0,
    "maxResTime" : 21485.0,
    "pct1ResTime" : 17590.3,
    "pct2ResTime" : 20066.399999999994,
    "pct3ResTime" : 21134.57,
    "throughput" : 171.3058183646419,
    "receivedKBytesPerSec" : 557.2676532005576,
    "sentKBytesPerSec" : 34.26194924356689
  },
  "HTTP Request-0" : {
    "transaction" : "HTTP Request-0",
    "sampleCount" : 916,
    "errorCount" : 0,
    "errorPct" : 0.0,
    "meanResTime" : 10123.101528384286,
    "medianResTime" : 9762.5,
    "minResTime" : 691.0,
    "maxResTime" : 19051.0,
    "pct1ResTime" : 16940.2,
    "pct2ResTime" : 19029.0,
    "pct3ResTime" : 19041.0,
    "throughput" : 45.98624428937196,
    "receivedKBytesPerSec" : 24.026016303529293,
    "sentKBytesPerSec" : 6.601540928259451
  },
  "HTTP Request" : {
    "transaction" : "HTTP Request",
    "sampleCount" : 1000,
    "errorCount" : 84,
    "errorPct" : 8.4,
    "meanResTime" : 13068.462999999972,
    "medianResTime" : 13123.0,
    "minResTime" : 1059.0,
    "maxResTime" : 21485.0,
    "pct1ResTime" : 20870.0,
    "pct2ResTime" : 21060.8,
    "pct3ResTime" : 21359.95,
    "throughput" : 45.70592805886923,
    "receivedKBytesPerSec" : 284.52212488287853,
    "sentKBytesPerSec" : 17.130974621783444
  }
}