{
  "HTTP Request-2" : {
    "transaction" : "HTTP Request-2",
    "sampleCount" : 986,
    "errorCount" : 0,
    "errorPct" : 0.0,
    "meanResTime" : 2915.1622718052763,
    "medianResTime" : 3081.5,
    "minResTime" : 311.0,
    "maxResTime" : 8006.0,
    "pct1ResTime" : 3616.1000000000004,
    "pct2ResTime" : 3863.9499999999994,
    "pct3ResTime" : 6946.129999999999,
    "throughput" : 50.733213275019295,
    "receivedKBytesPerSec" : 225.9213403653203,
    "sentKBytesPerSec" : 6.242563352199641
  },
  "HTTP Request-1" : {
    "transaction" : "HTTP Request-1",
    "sampleCount" : 986,
    "errorCount" : 0,
    "errorPct" : 0.0,
    "meanResTime" : 3193.6257606490867,
    "medianResTime" : 3185.5,
    "minResTime" : 1369.0,
    "maxResTime" : 8626.0,
    "pct1ResTime" : 3792.6000000000004,
    "pct2ResTime" : 4068.5499999999997,
    "pct3ResTime" : 7686.67,
    "throughput" : 47.75974812303222,
    "receivedKBytesPerSec" : 73.50523734560426,
    "sentKBytesPerSec" : 6.8094953378542025
  },
  "Total" : {
    "transaction" : "Total",
    "sampleCount" : 3958,
    "errorCount" : 14,
    "errorPct" : 0.353714,
    "meanResTime" : 7414.415361293576,
    "medianResTime" : 3609.0,
    "minResTime" : 311.0,
    "maxResTime" : 22548.0,
    "pct1ResTime" : 19201.0,
    "pct2ResTime" : 20650.3,
    "pct3ResTime" : 21966.329999999998,
    "throughput" : 171.11236003631493,
    "receivedKBytesPerSec" : 557.2534727476115,
    "sentKBytesPerSec" : 34.88402333448619
  },
  "HTTP Request-0" : {
    "transaction" : "HTTP Request-0",
    "sampleCount" : 986,
    "errorCount" : 0,
    "errorPct" : 0.0,
    "meanResTime" : 8745.515212981738,
    "medianResTime" : 7759.5,
    "minResTime" : 1375.0,
    "maxResTime" : 19335.0,
    "pct1ResTime" : 16217.300000000001,
    "pct2ResTime" : 19276.0,
    "pct3ResTime" : 19330.0,
    "throughput" : 48.843315004706,
    "receivedKBytesPerSec" : 25.518724147966513,
    "sentKBytesPerSec" : 7.011686821964631
  },
  "HTTP Request" : {
    "transaction" : "HTTP Request",
    "sampleCount" : 1000,
    "errorCount" : 14,
    "errorPct" : 1.4,
    "meanResTime" : 14699.912999999997,
    "medianResTime" : 14811.5,
    "minResTime" : 3528.0,
    "maxResTime" : 22548.0,
    "pct1ResTime" : 21553.0,
    "pct2ResTime" : 21897.95,
    "pct3ResTime" : 22123.94,
    "throughput" : 43.23202628507198,
    "receivedKBytesPerSec" : 279.55500059444034,
    "sentKBytesPerSec" : 17.442011667243094
  }
}