{
  "HTTP Request-2" : {
    "transaction" : "HTTP Request-2",
    "sampleCount" : 100,
    "errorCount" : 0,
    "errorPct" : 0.0,
    "meanResTime" : 787.16,
    "medianResTime" : 874.5,
    "minResTime" : 188.0,
    "maxResTime" : 1261.0,
    "pct1ResTime" : 1064.5,
    "pct2ResTime" : 1106.2499999999998,
    "pct3ResTime" : 1260.3399999999997,
    "throughput" : 52.029136316337144,
    "receivedKBytesPerSec" : 231.68310191207075,
    "sentKBytesPerSec" : 6.4020226326742975
  },
  "HTTP Request-1" : {
    "transaction" : "HTTP Request-1",
    "sampleCount" : 100,
    "errorCount" : 0,
    "errorPct" : 0.0,
    "meanResTime" : 835.0200000000003,
    "medianResTime" : 844.0,
    "minResTime" : 374.0,
    "maxResTime" : 1397.0,
    "pct1ResTime" : 1113.9,
    "pct2ResTime" : 1262.6499999999996,
    "pct3ResTime" : 1396.5699999999997,
    "throughput" : 47.370914258645186,
    "receivedKBytesPerSec" : 72.9067977261961,
    "sentKBytesPerSec" : 6.754056134533396
  },
  "Total" : {
    "transaction" : "Total",
    "sampleCount" : 400,
    "errorCount" : 0,
    "errorPct" : 0.0,
    "meanResTime" : 861.8000000000002,
    "medianResTime" : 866.0,
    "minResTime" : 20.0,
    "maxResTime" : 2214.0,
    "pct1ResTime" : 1770.3000000000002,
    "pct2ResTime" : 1864.6999999999998,
    "pct3ResTime" : 1994.9,
    "throughput" : 154.91866769945779,
    "receivedKBytesPerSec" : 504.6067123353989,
    "sentKBytesPerSec" : 31.694786018590243
  },
  "HTTP Request-0" : {
    "transaction" : "HTTP Request-0",
    "sampleCount" : 100,
    "errorCount" : 0,
    "errorPct" : 0.0,
    "meanResTime" : 101.24000000000001,
    "medianResTime" : 55.5,
    "minResTime" : 20.0,
    "maxResTime" : 1028.0,
    "pct1ResTime" : 258.40000000000003,
    "pct2ResTime" : 283.0,
    "pct3ResTime" : 1020.5799999999962,
    "throughput" : 53.39028296849973,
    "receivedKBytesPerSec" : 27.894337293112653,
    "sentKBytesPerSec" : 7.664425387079551
  },
  "HTTP Request" : {
    "transaction" : "HTTP Request",
    "sampleCount" : 100,
    "errorCount" : 0,
    "errorPct" : 0.0,
    "meanResTime" : 1723.7799999999995,
    "medianResTime" : 1731.5,
    "minResTime" : 1310.0,
    "maxResTime" : 2214.0,
    "pct1ResTime" : 1914.5,
    "pct2ResTime" : 1983.9999999999998,
    "pct3ResTime" : 2212.4899999999993,
    "throughput" : 38.729666924864446,
    "receivedKBytesPerSec" : 252.30335616769946,
    "sentKBytesPerSec" : 15.847393009295121
  }
}