{
  "HTTP Request-2" : {
    "transaction" : "HTTP Request-2",
    "sampleCount" : 700,
    "errorCount" : 0,
    "errorPct" : 0.0,
    "meanResTime" : 2678.124285714284,
    "medianResTime" : 2944.5,
    "minResTime" : 314.0,
    "maxResTime" : 5826.0,
    "pct1ResTime" : 3342.0,
    "pct2ResTime" : 3425.6499999999996,
    "pct3ResTime" : 3708.9300000000003,
    "throughput" : 51.65670430226552,
    "receivedKBytesPerSec" : 230.03376134602613,
    "sentKBytesPerSec" : 6.356196037192827
  },
  "HTTP Request-1" : {
    "transaction" : "HTTP Request-1",
    "sampleCount" : 700,
    "errorCount" : 0,
    "errorPct" : 0.0,
    "meanResTime" : 2750.2357142857145,
    "medianResTime" : 2677.0,
    "minResTime" : 1008.0,
    "maxResTime" : 6187.0,
    "pct1ResTime" : 3318.5,
    "pct2ResTime" : 3480.4499999999994,
    "pct3ResTime" : 5686.130000000002,
    "throughput" : 49.20567974131871,
    "receivedKBytesPerSec" : 75.73061647687332,
    "sentKBytesPerSec" : 7.015653556867707
  },
  "Total" : {
    "transaction" : "Total",
    "sampleCount" : 2800,
    "errorCount" : 0,
    "errorPct" : 0.0,
    "meanResTime" : 5238.552500000005,
    "medianResTime" : 3187.0,
    "minResTime" : 314.0,
    "maxResTime" : 15476.0,
    "pct1ResTime" : 12495.2,
    "pct2ResTime" : 13724.0,
    "pct3ResTime" : 15212.99,
    "throughput" : 180.9253036960455,
    "receivedKBytesPerSec" : 589.3323735138279,
    "sentKBytesPerSec" : 37.01547961359524
  },
  "HTTP Request-0" : {
    "transaction" : "HTTP Request-0",
    "sampleCount" : 700,
    "errorCount" : 0,
    "errorPct" : 0.0,
    "meanResTime" : 5048.648571428571,
    "medianResTime" : 5932.0,
    "minResTime" : 431.0,
    "maxResTime" : 12253.0,
    "pct1ResTime" : 10895.5,
    "pct2ResTime" : 11897.249999999998,
    "pct3ResTime" : 12212.97,
    "throughput" : 56.474384832593785,
    "receivedKBytesPerSec" : 29.505660044372732,
    "sentKBytesPerSec" : 8.107162666397741
  },
  "HTTP Request" : {
    "transaction" : "HTTP Request",
    "sampleCount" : 700,
    "errorCount" : 0,
    "errorPct" : 0.0,
    "meanResTime" : 10477.201428571425,
    "medianResTime" : 11928.0,
    "minResTime" : 4162.0,
    "maxResTime" : 15476.0,
    "pct1ResTime" : 14770.3,
    "pct2ResTime" : 15152.9,
    "pct3ResTime" : 15307.99,
    "throughput" : 45.23132592401137,
    "receivedKBytesPerSec" : 294.66618675691393,
    "sentKBytesPerSec" : 18.50773980679762
  }
}