{
  "Appointment List-0" : {
    "transaction" : "Appointment List-0",
    "sampleCount" : 970,
    "errorCount" : 0,
    "errorPct" : 0.0,
    "meanResTime" : 9161.469072164946,
    "medianResTime" : 8425.5,
    "minResTime" : 453.0,
    "maxResTime" : 19082.0,
    "pct1ResTime" : 16913.7,
    "pct2ResTime" : 19044.0,
    "pct3ResTime" : 19062.29,
    "throughput" : 48.558269923908696,
    "receivedKBytesPerSec" : 25.36979922782339,
    "sentKBytesPerSec" : 6.970767264467361
  },
  "Appointment List-1" : {
    "transaction" : "Appointment List-1",
    "sampleCount" : 970,
    "errorCount" : 0,
    "errorPct" : 0.0,
    "meanResTime" : 1756.7329896907227,
    "medianResTime" : 1796.5,
    "minResTime" : 620.0,
    "maxResTime" : 6013.0,
    "pct1ResTime" : 2370.0,
    "pct2ResTime" : 2469.35,
    "pct3ResTime" : 5144.229999999997,
    "throughput" : 45.73961427830434,
    "receivedKBytesPerSec" : 70.39612510020277,
    "sentKBytesPerSec" : 6.52146844202386
  },
  "Appointment List" : {
    "transaction" : "Appointment List",
    "sampleCount" : 1000,
    "errorCount" : 30,
    "errorPct" : 3.0,
    "meanResTime" : 12594.761999999979,
    "medianResTime" : 12230.0,
    "minResTime" : 1773.0,
    "maxResTime" : 22011.0,
    "pct1ResTime" : 20343.9,
    "pct2ResTime" : 21026.0,
    "pct3ResTime" : 21282.93,
    "throughput" : 44.96605063177301,
    "receivedKBytesPerSec" : 288.2877138697783,
    "sentKBytesPerSec" : 17.847218709249518
  },
  "Appointment List-2" : {
    "transaction" : "Appointment List-2",
    "sampleCount" : 970,
    "errorCount" : 0,
    "errorPct" : 0.0,
    "meanResTime" : 1706.6845360824711,
    "medianResTime" : 1727.0,
    "minResTime" : 144.0,
    "maxResTime" : 5742.0,
    "pct1ResTime" : 2408.7,
    "pct2ResTime" : 2560.2499999999995,
    "pct3ResTime" : 4518.519999999997,
    "throughput" : 46.918835252007355,
    "receivedKBytesPerSec" : 208.93543823159524,
    "sentKBytesPerSec" : 5.773216056399343
  },
  "Total" : {
    "transaction" : "Total",
    "sampleCount" : 3910,
    "errorCount" : 30,
    "errorPct" : 0.7672634,
    "meanResTime" : 6353.171867007681,
    "medianResTime" : 2454.5,
    "minResTime" : 144.0,
    "maxResTime" : 22011.0,
    "pct1ResTime" : 17300.100000000002,
    "pct2ResTime" : 19062.0,
    "pct3ResTime" : 21061.34,
    "throughput" : 175.81725797023248,
    "receivedKBytesPerSec" : 572.4375850139395,
    "sentKBytesPerSec" : 35.694437418499035
  }
}