{
  "Appointment List-0" : {
    "transaction" : "Appointment List-0",
    "sampleCount" : 1,
    "errorCount" : 0,
    "errorPct" : 0.0,
    "meanResTime" : 3485.0,
    "medianResTime" : 3485.0,
    "minResTime" : 3485.0,
    "maxResTime" : 3485.0,
    "pct1ResTime" : 3485.0,
    "pct2ResTime" : 3485.0,
    "pct3ResTime" : 3485.0,
    "throughput" : 0.28694404591104733,
    "receivedKBytesPerSec" : 0.14991705523672885,
    "sentKBytesPerSec" : 0.041192162840746054
  },
  "Appointment List-1" : {
    "transaction" : "Appointment List-1",
    "sampleCount" : 1,
    "errorCount" : 0,
    "errorPct" : 0.0,
    "meanResTime" : 152.0,
    "medianResTime" : 152.0,
    "minResTime" : 152.0,
    "maxResTime" : 152.0,
    "pct1ResTime" : 152.0,
    "pct2ResTime" : 152.0,
    "pct3ResTime" : 152.0,
    "throughput" : 6.578947368421052,
    "receivedKBytesPerSec" : 10.125411184210527,
    "sentKBytesPerSec" : 0.938013980263158
  },
  "Appointment List" : {
    "transaction" : "Appointment List",
    "sampleCount" : 1,
    "errorCount" : 0,
    "errorPct" : 0.0,
    "meanResTime" : 3781.0,
    "medianResTime" : 3781.0,
    "minResTime" : 3781.0,
    "maxResTime" : 3781.0,
    "pct1ResTime" : 3781.0,
    "pct2ResTime" : 3781.0,
    "pct3ResTime" : 3781.0,
    "throughput" : 0.2644802962179318,
    "receivedKBytesPerSec" : 1.7229961485056862,
    "sentKBytesPerSec" : 0.10821996495636074
  },
  "Appointment List-2" : {
    "transaction" : "Appointment List-2",
    "sampleCount" : 1,
    "errorCount" : 0,
    "errorPct" : 0.0,
    "meanResTime" : 142.0,
    "medianResTime" : 142.0,
    "minResTime" : 142.0,
    "maxResTime" : 142.0,
    "pct1ResTime" : 142.0,
    "pct2ResTime" : 142.0,
    "pct3ResTime" : 142.0,
    "throughput" : 7.042253521126761,
    "receivedKBytesPerSec" : 31.360035211267608,
    "sentKBytesPerSec" : 0.8665272887323945
  },
  "Total" : {
    "transaction" : "Total",
    "sampleCount" : 4,
    "errorCount" : 0,
    "errorPct" : 0.0,
    "meanResTime" : 1890.0000000000002,
    "medianResTime" : 1818.5,
    "minResTime" : 142.0,
    "maxResTime" : 3781.0,
    "pct1ResTime" : 3781.0,
    "pct2ResTime" : 3781.0,
    "pct3ResTime" : 3781.0,
    "throughput" : 1.0579211848717271,
    "receivedKBytesPerSec" : 3.4459922970113723,
    "sentKBytesPerSec" : 0.21643992991272148
  }
}