{
  "HTTP Request-2" : {
    "transaction" : "HTTP Request-2",
    "sampleCount" : 923,
    "errorCount" : 0,
    "errorPct" : 0.0,
    "meanResTime" : 1682.146262188515,
    "medianResTime" : 1810.0,
    "minResTime" : 257.0,
    "maxResTime" : 5145.0,
    "pct1ResTime" : 2444.2,
    "pct2ResTime" : 2572.7999999999997,
    "pct3ResTime" : 3973.6799999999994,
    "throughput" : 46.38424041409116,
    "receivedKBytesPerSec" : 206.5548205939997,
    "sentKBytesPerSec" : 5.707435832202623
  },
  "HTTP Request-1" : {
    "transaction" : "HTTP Request-1",
    "sampleCount" : 923,
    "errorCount" : 0,
    "errorPct" : 0.0,
    "meanResTime" : 1659.6619718309857,
    "medianResTime" : 1857.0,
    "minResTime" : 230.0,
    "maxResTime" : 5207.0,
    "pct1ResTime" : 2435.0,
    "pct2ResTime" : 2548.6,
    "pct3ResTime" : 3271.7199999999966,
    "throughput" : 45.59375617466903,
    "receivedKBytesPerSec" : 70.17072381014128,
    "sentKBytesPerSec" : 6.500672267091484
  },
  "Total" : {
    "transaction" : "Total",
    "sampleCount" : 3769,
    "errorCount" : 77,
    "errorPct" : 2.0429823,
    "meanResTime" : 6422.3138763597835,
    "medianResTime" : 2539.0,
    "minResTime" : 230.0,
    "maxResTime" : 21715.0,
    "pct1ResTime" : 17650.0,
    "pct2ResTime" : 19058.5,
    "pct3ResTime" : 20701.800000000003,
    "throughput" : 173.12020577832897,
    "receivedKBytesPerSec" : 563.2351468840429,
    "sentKBytesPerSec" : 34.69503941596619
  },
  "HTTP Request-0" : {
    "transaction" : "HTTP Request-0",
    "sampleCount" : 923,
    "errorCount" : 0,
    "errorPct" : 0.0,
    "meanResTime" : 9279.929577464796,
    "medianResTime" : 9320.0,
    "minResTime" : 760.0,
    "maxResTime" : 20535.0,
    "pct1ResTime" : 18046.8,
    "pct2ResTime" : 19051.8,
    "pct3ResTime" : 19959.15999999999,
    "throughput" : 44.93452120149944,
    "receivedKBytesPerSec" : 23.476532073049025,
    "sentKBytesPerSec" : 6.450561149043376
  },
  "HTTP Request" : {
    "transaction" : "HTTP Request",
    "sampleCount" : 1000,
    "errorCount" : 77,
    "errorPct" : 7.7,
    "meanResTime" : 12555.836999999987,
    "medianResTime" : 12573.0,
    "minResTime" : 2047.0,
    "maxResTime" : 21715.0,
    "pct1ResTime" : 20006.7,
    "pct2ResTime" : 20642.95,
    "pct3ResTime" : 21140.68,
    "throughput" : 45.93266271645767,
    "receivedKBytesPerSec" : 287.0419562577511,
    "sentKBytesPerSec" : 17.347519707983096
  }
}